<?xml version="1.0" encoding="UTF-8"?>
<project-private xmlns="http://www.netbeans.org/ns/project-private/1">
    <editor-bookmarks xmlns="http://www.netbeans.org/ns/editor-bookmarks/2" lastBookmarkId="0"/>
    <open-files xmlns="http://www.netbeans.org/ns/projectui-open-files/2">
        <group>
            <file>file:/C:/Users/User/OneDrive%20-%20Asia%20Pacific%20Institute%20of%20Information%20Technology/Documents/NetBeansProjects/TPMS/src/crop_delete.java</file>
            <file>file:/C:/Users/User/OneDrive%20-%20Asia%20Pacific%20Institute%20of%20Information%20Technology/Documents/NetBeansProjects/TPMS/src/User_update.java</file>
            <file>file:/C:/Users/User/OneDrive%20-%20Asia%20Pacific%20Institute%20of%20Information%20Technology/Documents/NetBeansProjects/TPMS/src/Crop_details.java</file>
            <file>file:/C:/Users/User/OneDrive%20-%20Asia%20Pacific%20Institute%20of%20Information%20Technology/Documents/NetBeansProjects/TPMS/src/SQLCON.java</file>
        </group>
    </open-files>
</project-private>
